0din-ai/ai-scanner	200	
0PandaDEV/Ziit	200	
0x0funky/audioghost-ai	200	
0x77dev/pdf-sign	200	
0xERR0R/blocky	200	
0xGF/avatar-3d	200	
0xGF/boneyard	200	
0xMassi/stik_app	200	
0xsline/StoryGen-Atelier	200	
1jehuang/mermaid-rs-renderer	200	
1rgs/nanocode	200	
1rhino2/go-memory-visualizer	200	
21st-dev/1code	200	
2ykwang/mac-cleanup-go	200	
3DCF-Labs/safepilot	200	
403errors/repomind	200	
42futures/firm	200	
4ev-link/4ev.link	200	
5ocworkshop/bgraph	200	
66HEX/frame	200	
8ddieHu0314/Skill-Lab	200	
a2aproject/A2A	200	
aagentah/nw_wrld	200	
aaPanel/BillionMail	301	https://github.com/Billionmail/BillionMail
aarondfrancis/counselors	200	
aaronjmars/MiroShark	200	
aattaran/deepclaude	200	
abhinavkale-dev/fynt	200	
abhinavxd/libredesk	200	
abhishekgahlot2/codex-claude-bridge	200	
abhishekgahlot2/meow-ssh	200	
abhishekkrthakur/NyRAG	301	https://github.com/vespaai-playground/NyRAG
abhixdd/ghgrab	200	
abhixdd/UptimeKit-CLI	200	
abracadabra50/claude-code-voice-skill	200	
abusoww/tuxmate	200	
accius/openhamclock	200	
accomplish-ai/openwork	301	https://github.com/accomplish-ai/accomplish
Acn6S/crypto-tax-calculator	404	
adamlyttleapps/notchy	200	
adammiribyan/zeroboot	301	https://github.com/zerobootdev/zeroboot
adamveld12/ghost	200	
adenhq/hive	301	https://github.com/aden-hive/hive
adiiverma40/tunelog	200	
adithya-s-k/manim_skill	200	
adolfousier/neura-hustle-tracker	301	https://github.com/adolfousier/hustle-tracker
adomi-io/listing-lab	200	
adoptai/zapi	200	
adubovskoy/dimandocs	200	
Adversis/tailsnitch	200	
Aemi-Studio/AemiSDR	200	
aeromomo/claw-compactor	301	https://github.com/open-compress/claw-compactor
affaan-m/everything-claude-code	200	
ag-ui-protocol/ag-ui	200	
agaragou/LockScreen-Calendar-ShortCut	200	
agavra/tuicr	200	
agentica-org/pepper	200	
agenticnotetaking/arscontexta	200	
agentscope-ai/CoPaw	301	https://github.com/agentscope-ai/QwenPaw
AgentSeal/codeburn	301	https://github.com/getagentseal/codeburn
agno-agi/agno	200	
agno-agi/dash	200	
AgriciDaniel/claude-ads	200	
AgriciDaniel/claude-seo	200	
aha-hyeong/kumiho	200	
ahmadawais/chartli	200	
ahmadawais/terminui	200	
ahmetb/Iris	200	
ahujasid/blender-mcp	200	
aidenybai/element-source	200	
aidenybai/react-grab	200	
AIGeeksGroup/AnyDepth	200	
aikhe/wrapped.nvim	200	
AIM-Intelligence/video2robot	200	
aiming-lab/AutoResearchClaw	200	
aiming-lab/MetaClaw	200	
aiming-lab/SimpleMem	200	
aizhimou/pigeon-pod	200	
akdeb/Elato-Local	200	
akdeb/ElatoAI	200	
akinloluwami/envii	200	
akitaonrails/FrankMD	200	
akshayaggarwal99/jarvis-ai-assistant	200	
alainnothere/llm-circuit-finder	200	
alam00000/bentopdf	200	
Alanma23/tinytinyTPU-co	200	
alecthomas/t	200	
aleris/woti	200	
Alex-Gilbert/unredact	200	
alexcding/gemini-desktop-mac	200	
alexcolls/kwami	301	https://github.com/kwami-labs/kwami
alexknowshtml/smaug	200	
AlexsJones/llmfit	200	
AlexsJones/sympozium	301	https://github.com/sympozium-ai/sympozium
alexzhang13/rlm	200	
ali-vilab/Wan-Move	200	
alibaba-flyai/flyai-skill	200	
Alibaba-NLP/DeepResearch	200	
Alibaba-Quark/LiveAvatar	200	
alibaba/Logics-Parsing	200	
alihaskar/pycharting	200	
allenai/molmoweb	200	
alorak/csvx	200	
AlpinDale/parsync	200	
AlpinDale/ssh-dashboard	200	
altic-dev/Fluid-oss	301	https://github.com/altic-dev/FluidVoice
AltimateAI/altimate-code	200	
amaar-mc/wit	200	
AMAP-ML/Code2World	200	
AMAP-ML/Tree-GRPO	200	
amcchord/M5Tab-Macintosh	200	
Amery2010/peinture	200	
Ami3466/tomcp	200	
amicalhq/amical	200	
amilich/isometric-city	200	
amir20/dozzle	200	
amirrezasalimi/comfyEz	200	
andes90/collabmd	200	
AndreSlavescu/mHC.cu	200	
Andrew0613/PICABench	200	
andrewmd5/dawn	200	
andrii-kryvoviaz/slink	200	
andygmassey/telephone-and-conversation-transcriber	200	
AndyMik90/Auto-Claude	301	https://github.com/AndyMik90/Aperant
AnInsomniacy/motrix-next	200	
anl331/goey-toast	200	
AnmolSaini16/mapcn	200	
AnswerDotAI/clipmd	200	
antflydb/antfly	200	
anthropic-experimental/sandbox-runtime	200	
anthropics/claudes-c-compiler	200	
anthropics/financial-services-plugins	301	https://github.com/anthropics/financial-services
anthropics/original_performance_takehome	200	
antirez/flux2.c	301	https://github.com/antirez/iris.c
antirez/qwen-asr	200	
antirez/tgterm	200	
antirez/voxtral.c	200	
antoniorodr/Cronboard	200	
antonmedv/gitmal	200	
antonmedv/textarea	200	
antonpk1/excalidraw-mcp-app	301	https://github.com/excalidraw/excalidraw-mcp
Anttwo/MILo	200	
apple/ml-sharp	200	
apple/ml-simplefold	200	
apple/pico-banana-400k	200	
apple/swift-configuration	200	
aqstack/sentinel	200	
ARahim3/unsloth-mlx	301	https://github.com/ARahim3/mlx-tune
ArcadeAI/blueprint-mcp	200	
Arcanum-Sec/sec-context	200	
archlinter/archlint	200	
aree6/HevyAnalytics	301	https://github.com/aree6/LiftShift
arianrhodsandlot/retroassembly	200	
arman-bd/guppylm	200	
ArmanJR/claudebox	200	
arp242/goatcounter	200	
arpanghosh8453/dji-logbook	301	https://github.com/arpanghosh8453/open-dronelog
arpxspace/smartcommit	200	
Arthur-Ficial/apfel	200	
ArtificialAnalysis/Stirrup	200	
asdfghj1237890/chrome2nas-m3u8	301	https://github.com/asdfghj1237890/WebVideo2NAS
ash80/diffusion-gpt	200	
asheshgoplani/agent-deck	200	
ashfn/islechat	200	
AshkanYarmoradi/go-invoice-ninja	200	
ashtonjamesd/lavandula	200	
asimovinc/asimov-v0	200	
asklokesh/claudeskill-loki-mode	301	https://github.com/asklokesh/loki-mode
assafelovic/skyll	200	
assetnote/react2shell-scanner	200	
AsyncFuncAI/deepwiki-open	200	
Athou/commafeed	200	
AtomicBot-ai/Atomic-Chat	200	
atoolz/htmx-vscode-toolkit	200	
Augani/adabraka-ui	200	
Augani/openreel-video	200	
AutoLab-SAI-SJTU/AutoPage	200	
AutoMaker-Org/automaker	200	
automazeio/ccpm	200	
avihaymenahem/velo	200	
avinash201199/founders-kit	200	
avsm/httpz	200	
awakening-ai/ReactMotion	200	
awrped/ferrite-json	200	
axtonliu/axton-obsidian-visual-skills	200	
azialle/Oclock	200	
backnotprop/plannotator	200	
badrisnarayanan/antigravity-claude-proxy	200	
bahdotsh/blogr	200	
BakeLens/crust	200	
banastas/comics.banast.as	200	
BansheeTech/HomeDockOS	200	
barrosyan/PINNeAPPle	200	
BarutSRB/GhosttyFetch	200	
BayramAnnakov/claude-reflect	200	
bc-dunia/qwen3-TTS-studio	200	
bcurts/agentchattr	200	
BeehiveInnovations/pal-mcp-server	200	
bellard/mquickjs	200	
Belphemur/obsidian-headless-sync-docker	200	
benjitaylor/agentation	200	
benjitaylor/liveline	200	
bentossell/visualise	200	
benzsevern/goldenmatch	200	
berbicanes/apiark	200	
bergside/design-md-chrome	200	
bert-mccutchen/oak	200	
better-auth/better-hub	200	
better-auth/better-icons	200	
bgibson72/start-page-v3	301	https://github.com/bgibson72/Sip-StartPage
bgreenwell/doxx	200	
bgreenwell/xleak	200	
bhavnicksm/pbnj	200	
BICLab/SpikingBrain-7B	200	
bilalimamoglu/sift	200	
BIT-DataLab/Edit-Banana	200	
bitbonsai/mcp-obsidian	301	https://github.com/bitbonsai/mcpvault
bjarneo/cliamp	200	
black-forest-labs/flux2	200	
blader/humanizer	200	
blader/napkin	200	
blader/taskmaster	200	
blas0/Severance	301	https://github.com/blas0/UnseveredMemory
BlessedRebuS/Krawl	200	
BlockRunAI/ClawRouter	200	
BloopAI/vibe-kanban	200	
bluewave-labs/checkmate	200	
bluewave-labs/systempulse	301	https://github.com/DodoApps/dodopulse
Bogdanovich77/DeekSeek-OCR---Dockerized-API	200	
bolna-ai/bolna	200	
booklore-app/booklore	200	
boranfurkan/react-3d-button	200	
botiverse/agent-vault	200	
BowTiedSwan/buildflow	200	
bradautomates/claude-video	200	
BradGroux/veritas-kanban	200	
brendanhogan/hermitclaw	200	
brenpoly/be-more-agent	200	
Brisk4t/ToothPaste	200	
broady/claude2stream	200	
brokermr810/QuantDinger	200	
browser-use/agent-sdk	200	
browser-use/browser-harness	200	
browser-use/web-ui	200	
Brumbelow/layerleak	200	
bscript/rep	301	https://github.com/repplus/rep-chrome
btahir/react-kino	200	
btseytlin/hr-breaker	200	
bubblelabai/BubbleLab	200	
buildermethods/design-os	200	
buildoak/wet	200	
built-by-as/FleetCode	200	
builtbybel/Winslop	301	https://github.com/builtbybel/Winslopr
buyukakyuz/corroded	200	
buyukakyuz/install-nothing	200	
bwya77/vscode-dark-islands	200	
bysiber/cleardisk	200	
bytebot-ai/bytebot	200	
ByteDance-Seed/Depth-Anything-3	200	
ByteDance-Seed/TraceAnything	200	
bytedance/Dolphin	200	
bytedance/trae-agent	200	
bytedance/USO	200	
c0m4r/kula	200	
cachebag/payme	200	
cachethq/cachet	200	
calibrain/shelfmark	200	
callstackincubator/agent-device	200	
camel-ai/owl	200	
carlos7ags/folio	200	
carlosazaustre/tenacitOS	200	
carmahhawwari/ui-design-brain	200	
caronc/apprise	200	
cathrynlavery/diagram-design	200	
CaviraOSS/OpenMemory	200	
ccbikai/hink	301	https://github.com/miantiao-me/hink
cclank/NLM2Img	200	
cesarferreira/needle	200	
cesarferreira/rip	200	
chaitanyya/sales	200	
chaitin/SafeLine	200	
chaosprint/hindsight	200	
charmbracelet/crush	200	
charonviz/text2geo	200	
ChartGPU/ChartGPU	200	
chekusu/mails	200	
ChenglinPoly/infiAgent	301	https://github.com/polyuiislab/infiAgent
chenglou/pretext	200	
chenxin-yan/crust	200	
Chevron7Locked/lidify	301	https://github.com/Chevron7Locked/kima-hub
choyiny/saasmail	200	
chr15m/runprompt	200	
chrisdiana/TinyCity	200	
chrisgreg/fyi	200	
ChrisWiles/claude-code-showcase	200	
chrisworsey55/atlas-gic	200	
cigrainger/duckdb-hnsw-acorn	200	
cisco-ai-defense/skill-scanner	200	
ck-zhang/reddix	200	
classicshi/web3-decoder	200	
clawdbot/clawdbot	301	https://github.com/openclaw/openclaw
ClaytonFarr/ralph-playbook	200	
clemcer/loggifly	200	
CleverCloud/mdr	200	
CloudAI-X/threejs-skills	200	
cloudflare/agentic-inbox	200	
cloudflare/kumo	200	
cloudflare/moltworker	200	
cloudflare/vinext	200	
clucraft/PriceGhost	200	
CN-Syndra/ClawLink	200	
coast-guard/coasts	200	
cocojojo5213/Dev-Janitor	200	
code-yeongyu/oh-my-opencode	301	https://github.com/code-yeongyu/oh-my-openagent
codejunkie99/agentic-stack	200	
CodeOne45/vex-tui	200	
coderamp-labs/gitingest	200	
coderluii/holyclaude	200	
coffinxp/crtmon	200	
coffinxp/wayback-url-finder	200	
CogitatorTech/infera	200	
coleam00/Archon	200	
coleam00/excalidraw-diagram-skill	200	
coleam00/habit-tracker	200	
ColeMurray/background-agents	200	
collaborator-ai/collab-public	200	
ComposioHQ/agent-orchestrator	200	
ComposioHQ/secure-openclaw	200	
Compresr-ai/Context-Gateway	200	
ConardLi/easy-dataset	200	
connorgallopo/Tracearr	200	
control-theory/gonzo	200	
Conway-Research/automaton	200	
coollabsio/coolpack	200	
CopilotKit/OpenGenerativeUI	200	
corbindavenport/just-the-browser	200	
cordum-io/cordum	200	
coreyhaines31/marketingskills	200	
cosinusalpha/webctl	200	
cosmiciron/vmprint	200	
covibes/zeroshot	200	
cpcloud/micasa	200	
Cranot/roam-code	200	
crashpredictorss/Aviator-Predictor	404	
creationix/rx	200	
crewAIInc/crewAI	200	
crocodilestick/Calibre-Web-Automated	200	
Crosstalk-Solutions/project-nomad	200	
crshdn/mission-control	200	
cursor/agent-trace	200	
cursor/cookbook	200	
cvlab-kaist/VideoMaMa	200	
cyxzdev/Uncodixfy	200	
czlonkowski/n8n-mcp	200	
d0rc/egg.c	200	
dabit3/openform	200	
dadbodgeoff/drift	200	
daijinhai/TermClean	200	
DaKheera47/job-ops	200	
Dammyjay93/claude-design-skill	301	https://github.com/Dammyjay93/interface-design
Danau5tin/multi-agent-coding-system	200	
Dancode-188/synckit	200	
DangJin/pdf2video	200	
danieldev23/trafexia	200	
danielinux/m33mu	200	
danielmiessler/Ladder	200	
danielroe/npmx.dev	301	https://github.com/npmx-dev/npmx.dev
danish296/codevibes	200	
danja/dogalog	200	
dannote/figma-use	200	
danveloper/flash-moe	200	
darula-hpp/shimmer-from-structure	200	
dashersw/gea	200	
databuddy-analytics/Databuddy	200	
DatanoiseTV/tinyice	200	
davebcn87/pi-autoresearch	200	
davegoldblatt/total-recall	200	
davidfowl/tally	200	
davidhariri/life-system	200	
davidkimai/Context-Engineering	200	
day50-dev/capit	301	https://github.com/day50-dev/limit-model-spending
dayflow-js/BlossomColorPicker	200	
DB-121143/IMG2XML	301	https://github.com/BIT-DataLab/Edit-Banana
dbreunig/whenwords	200	
dcramer/dex	200	
dcrebbin/cursor-unchained	200	
DDULDDUCK/pingora-proxy-manager	200	
DearVa/Everywhere	200	
deborahikssv/Antigravity-claw	404	
DecartAI/Lucy-Edit-ComfyUI	200	
deep-div/Cold-Email-Automation	200	
deepseek-ai/DeepSeek-OCR	200	
deepseek-ai/DeepSeek-OCR-2	200	
deepseek-ai/Engram	200	
deepseek-ai/TileKernels	200	
delibae/claude-prism	200	
dengo07/textual-sticky-notes-tui	200	
DenisSergeevitch/repo-task-proof-loop	200	
Dennis960/BackApp	200	
dennisklappe/CloudMeet	200	
deta/surf	200	
DevAgentForge/Claude-Cowork	301	https://github.com/DevAgentForge/Open-Claude-Cowork
devops-interviews/devops-interviews	301	https://github.com/devops-interviews/devops-interview-questions
Dexmal/dexbotic	200	
DFin/palaeograph	200	
DGoettlich/history-llms	200	
dhanababum/supermcp	200	
dialectforge/FlowStateV1.1	200	
Dicklesworthstone/agentic_coding_flywheel_setup	200	
Dicklesworthstone/beads_viewer	200	
different-ai/openwork	200	
digitalknk/openclaw-runbook	200	
dimartarmizi/map-to-poster	200	
dimartarmizi/web-flight-simulator	200	
Dimillian/CodexMonitor	200	
Dimillian/CodexSkillManager	200	
disler/agent-sandbox-skill	200	
Dispatcharr/Dispatcharr	200	
djdevil/person-tracker-card	200	
dmcke5/Hapticpad	200	
dnakov/litter	200	
Doby-Xu/WithAnyone	200	
dockpeek/dockpeek	200	
doctly/switchboard	200	
DodoApps/dodotidy	200	
dom0/qs-hyprview	200	
DooiLabs/FastApps	301	https://github.com/SumeLabs/FastApps
Doriandarko/gemini-writer	200	
Doriandarko/sora-mcp	200	
DorsaRoh/audial	200	
DOSAYGO-STUDIO/HackerBook	200	
dotstartech/wall-panel	200	
dougdonohoe/ddphotos	200	
dovvnloading/Graphite	200	
DPIRD-DMA/Smoothify	200	
drclcomputers/GoSheet	200	
dreddnafious/thereisnospoon	200	
DrizzleTime/Foxel	200	
drona23/claude-token-efficient	200	
DRYTRIX/TimeTracker	200	
ds-horizon/darwin	301	https://github.com/dream-horizon-org/darwin
ds-horizon/pulse	404	
dsebastien/obsidian-life-tracker-base-view	200	
dtonon/ch	200	
duoan/TorchCode	200	
duriantaco/fyn	200	
duy-phamduc68/trafficlab-3d	200	
dvdsgl/claude-canvas	200	
dyad-sh/dyad	200	
EA1FUO/AntennaSim	200	
earendil-works/gondolin	200	
earthtojake/text-to-cad	200	
easychen/ask4me	200	
eclaire-labs/eclaire	200	
Ed1s0nZ/CyberStrikeAI	200	
edrickleong/obsidian-feed-bases	200	
eduardofuncao/pam	301	https://github.com/eduardofuncao/squix
egebese/seo-research-mcp	301	https://github.com/egebese/dataseo-mcp
eggricesoy/filmkit	200	
ehsanghaffar/einui	301	https://github.com/einui/einui
eihabkhan/reddojs	200	
Einsia/OpenChronicle	200	
eitchtee/WYGIWYH	200	
electerious/Ackee	200	
elevenlabs/ui	200	
elixir-volt/quickbeam	200	
eljojo/rememory	200	
elliotttate/CoverFlowFinder	200	
ellite/Wallos	200	
Emanuele-web04/remodex	200	
emdash-cms/emdash	200	
emerysilb/immibridge	200	
emiliioaguirre/youtube-live-tts	200	
emilkowalski/skill	200	
Emily2040/seedance-2.0	200	
enoch85/bazarr-jellyfin	200	
enricoros/big-AGI	200	
enrique-paulino/workout-tracker	200	
eqtylab/agent-console	200	
ericboy0224/learn-docker-and-k8s	200	
EricLengyel/Slug	200	
Eronred/aso-skills	200	
es617/claude-replay	200	
Esubaalew/run	200	
EthanAlgoX/LLM-TradeBot	200	
ethanjyx/OpenBrand	200	
ethanweber/posterskill	200	
eugene1g/agent-safehouse	200	
Eul45/omni-search	200	
eval-exec/neomacs	200	
every-app/open-seo	200	
evroon/bracket	200	
excalidraw/excalidraw-mcp	200	
eyeblech/cinecli	200	
eylandoo/openvpn_webpanel_manager	200	
EzioBy/Ditto	200	
f/agentlytics	200	
f/textream	200	
f1shy-dev/distracted	200	
fabro-sh/fabro	200	
facebookresearch/embody-3d	200	
facebookresearch/HyperAgents	200	
facebookresearch/spider	200	
facebookresearch/tribev2	200	
Facepunch/sbox-public	200	
farhan-syah/splintr	404	
farinchan/chatery_whatsapp	200	
farouqaldori/claude-island	301	https://github.com/farouqaldori/vibe-notch
farukalpay/NeuroCore	200	
farzaa/clicky	200	
Fast-Editor/Lynkr	200	
fcoury/tsql	200	
felix068/LinuxGate	200	
FezVrasta/cafe-hass	200	
Fictionarry/GeoSVR	200	
Finsys/dockhand	200	
firecrawl/open-agent-builder	200	
firecrawl/open-scouts	200	
Fission-AI/OpenSpec	200	
fjrevoredo/mini-diarium	200	
Flagsmith/flagsmith	200	
flamestro/deff	200	
flodlol/PDF-Slides-to-Hand-Outs	301	https://github.com/flodlol/PDF-Slides-to-Handouts-Converter
fluffypony/dothething	200	
foldergram/foldergram	200	
folke/sidekick.nvim	200	
ForLoopCodes/contextplus	200	
FormerLab/fortransky	200	
forrestchang/andrej-karpathy-skills	200	
Fosowl/agenticSeek	200	
fosrl/pangolin	200	
FOSSBilling/FOSSBilling	200	
FoundationAgents/OpenManus	200	
francescopace/espectre	200	
Francium-Tech/scanify	200	
Frayo44/agent-view	200	
Freika/dawarich	200	
friendlymatthew/gabagool	200	
fscorrupt/Posterizarr	200	
fspecii/ace-step-ui	200	
fspecii/HeartMuLa-Studio	200	
ftonneau/tangere-terminal	200	
fulcrumresearch/druids	301	https://github.com/fulcrumresearch/ramure
FullstackAgent/FullstackAgent	301	https://github.com/FullAgent/fulling
FunAudioLLM/Fun-Audio-Chat	200	
furkan/dockerlings	200	
gabehf/Koito	200	
gaearon/rscexplorer	200	
GAIR-NLP/daVinci-MagiHuman	200	
GalaxyGeneralRobotics/LATENT	200	
GalaxyGeneralRobotics/OpenTrack	200	
gamosoft/NoteDiscovery	200	
garagesteve1155/PowerTrader_AI	200	
garrytan/gbrain	200	
garrytan/gstack	200	
gauravvij/autoprompter	200	
gavrielc/Nano-PDF	200	
gavrielc/nanoclaw	301	https://github.com/qwibitai/nanoclaw
Geek-1001/arcmark	200	
gemini-cli-extensions/conductor	200	
Gen-Verse/LatentMAS	200	
Gen-Verse/OpenClaw-RL	200	
GENEXIS-AI/chromex	200	
genoshide/mention-network-bot	404	
Gentleman-Programming/engram	200	
Gentleman-Programming/gentleman-guardian-angel	200	
gepheum/skir	200	
getarcaneapp/arcane	200	
getcompanion-ai/feynman	200	
getpaseo/paseo	200	
GH05TCREW/ghostcrew	301	https://github.com/GH05TCREW/pentestagent
gh123man/opensnek	200	
GHJJ123/brainrotguard	200	
ghostty-org/ghostling	200	
ghostwright/ghost-os	200	
ghostwright/phantom	200	
gingerbeardman/webgl-crt-shader	200	
github/copilot-sdk	200	
github/gh-aw	200	
github/github-mcp-server	200	
github/spec-kit	200	
glanceapp/glance	200	
GLips/Figma-Context-MCP	200	
glittercowboy/get-shit-done	301	https://github.com/gsd-build/get-shit-done
glommer/pgmicro	200	
GMaN1911/claude-cognitive	200	
gnekt/My-Brain-Is-Full-Crew	200	
go-kratos/blades	200	
go-vikunja/vikunja	200	
gobackup/gobackup	200	
gokapso/whatsapp-cloud-inbox	200	
golbin/gw	200	
Gomaink/your_lastfm	200	
gommzystudio/device-activity-tracker	200	
gonzalezreal/textual	200	
google-coral/coralnpu	200	
google/adk-python	200	
google/langextract	200	
googleworkspace/cli	200	
gorkem-bwl/animated-icons	200	
gotoailab/modern_mermaid	200	
Gouryella/drip	200	
gptguy/silentkeys	200	
GreatScott/enveil	301	https://github.com/GreatScott/enject
greensock/gsap-skills	200	
gregorydickson/memory-graph	301	https://github.com/memory-graph/memory-graph
Gremble-io/Tome	301	https://github.com/Gremble-io/tome-app
grimmory-tools/grimmory	200	
grishy/any-sync-bundle	200	
groverburger/grobpaint	200	
gsd-build/gsd-2	200	
gsnoopy/react-old-icons	200	
guhcostan/mac-cleaner-cli	200	
gumot0/spyder-osint	404	
Gururagavendra/gmail-cleaner	200	
gustavosett/Windows-11-Clipboard-History-For-Linux	200	
GVCLab/PersonaLive	200	
h9zdev/GeoSentinel	200	
HackingDave/btrpa-scan	200	
Haleclipse/CodexDesktop-Rebuild	200	
hallucinogen/agent-viewer	200	
Handfish/talos-pilot	200	
hanebox/ekphos	200	
hangwin/mcp-chrome	200	
hanselime/paqet	200	
hanxiao/claudecode-telegram	200	
HarderLemonade/ddwrap	200	
hardikpandya/stop-slop	200	
HarryR/z80ai	200	
harshkedia177/axon	200	
harveyrandall/react-container-kit	200	
hate0s/sora2-watermark-remover	404	
hauxir/macos-live-screensaver	200	
hdwaIIet-io/python-hdwallet	200	
HeartMuLa/heartlib	200	
hehehai/voxt	200	
helixml/helix	200	
hemant6488/podcast-server	200	
HemmeligOrg/Hemmelig.app	200	
henrygd/beszel	200	
hesamsheikh/awesome-openclaw-usecases	200	
hexagonal-sun/moss-kernel	200	
hexiecs/talk-normal	200	
HexRaysSA/ida-cyberchef	200	
heyhuynhgiabuu/proxypal	200	
hiaaryan/sileo	200	
HiEventsDev/Hi.Events	200	
Higangssh/gitcredits	200	
himanshudongre/smriti	200	
himself65/finance-skills	200	
hipcityreg/situation-monitor	200	
HKUDS/AI-Trader	200	
HKUDS/AnyTool	200	
HKUDS/AutoAgent	200	
HKUDS/ClawTeam	200	
HKUDS/ClawWork	200	
HKUDS/CLI-Anything	200	
HKUDS/DeepCode	200	
HKUDS/DeepTutor	200	
HKUDS/FastCode	200	
HKUDS/LightReasoner	200	
HKUDS/MoChat	200	
HKUDS/nanobot	200	
HKUDS/OpenSpace	200	
HKUDS/Paper2Slides	200	
HKUDS/RAG-Anything	200	
hoangsonww/Urlvy-URL-Shortener-App	200	
Hoantrbl/SeeTrek	200	
hoodinformatik/OpenThreat	200	
hooosberg/WitNote	200	
hotheadhacker/seedbox-lite	200	
htdt/godogen	200	
huggingface/finepdfs	200	
huggingface/hf-agents	200	
huggingface/smolagents	200	
HugoRCD/evlog	200	
humanlayer/12-factor-agents	200	
humanplane/homunculus	200	
HumeAI/tada	200	
Hunyuan-PromptEnhancer/PromptEnhancer	200	
husamql3/db-studio	200	
huseyinbabal/taws	200	
hyperspaceai/agi	200	
iad1tya/Net-Bar	404	
iam-veeramalla/a-to-z-of-networking	200	
iamlukethedev/Claw3D	200	
IAmTomShaw/f1-race-replay	200	
iannuttall/tab-stash	200	
ibelick/ui-skills	200	
Ibrahim-3d/conductor-orchestrator-superpowers	301	https://github.com/Ibrahim-3d/orchestrator-supaconductor
IDEA-Research/Rex-Omni	200	
ierror/synaps-cad	200	
iflytek/astron-agent	200	
iflytek/skillhub	200	
igorlira/dirplayer-rs	200	
IgorShadurin/app.yumcut.com	200	
ihatecsv/deepseek-ocr-client	200	
iib0011/omni-tools	200	
IIIIQIIII/DramaBench	200	
iKemo-io/chatting-agent	200	
ikwerre-dev/EmojiDB	200	
iliya-Developer/VortexL2	200	
illarion/lockenv	200	
imbue-bit/OpenClaw-PwnKit	200	
Imetomi/retro-futuristic-ui-design	200	
imlixinyang/FlashWorld	200	
imxv/Pretty-mermaid-skills	200	
IndAlok/rzweb	200	
Infatoshi/OpenSquirrel	200	
injaneity/pi-computer-use	200	
InnerWarden/innerwarden	200	
InsForge/InsForge	200	
inspatio/worldfm	200	
instructkr/claude-code	301	https://github.com/ultraworkers/claw-code
intelligencedev/PromptForge	200	
Intellindust-AI-Lab/DEIMv2	200	
investbrainapp/investbrain	200	
iOfficeAI/AionUi	200	
iOfficeAI/OfficeCLI	200	
iordv/Droppy	451	
IQuestLab/IQuest-Coder-V1	200	
ironcalc/IronCalc	200	
ironicbadger/linkme	200	
IronsideXXVI/Hacker-News	200	
itanishqshelar/SmartRAG	200	
its-maestro-baby/maestro	200	
itsfarseen/cmdn	200	
itshover/itshover	200	
itskovacs/trip	200	
izadoesdev/keypal	200	
j-ncel/Spacemoji	200	
j-ncel/word-doodle	200	
j178/prek	200	
jackwener/opencli	200	
Jagalite/superseedr	200	
jalonsogo/tui-studio	200	
jamiepine/voicebox	200	
jamietso/Tabular_Review	200	
jarodise/pdf2epub-paddle	200	
jarrodwatts/claude-code-config	200	
jarrodwatts/claude-hud	200	
Jason-uxui/project-dashboard	200	
javaevolved/javaevolved.github.io	200	
jayin92/Skyfall-GS	200	
jayminwest/overstory	200	
jbarrow/commonforms	200	
JCodesMore/ai-website-cloner-template	200	
jdx/fnox	200	
jeantimex/webgpu-water	200	
jeffvli/feishin	200	
jenish-sojitra/JSAnalyzer	200	
jer-irl/threadprocs	200	
JerryZLiu/Dayflow	200	
jfernandez/mdserve	200	
jgarzik/botmaker	200	
jgerton/brand-toolkit	200	
jgravelle/jcodemunch-mcp	200	
jgthms/picknplace.js	200	
Jiayi-Pan/TinyZero	200	
jingkaihe/matchlock	200	
jkool702/forkrun	200	
jlia0/tinyclaw	301	https://github.com/TinyAGI/tinyagi
jlowin/fastmcp	301	https://github.com/PrefectHQ/fastmcp
jmiao24/Paper2Agent	200	
jmilinovich/goal-md	200	
jmuncor/sherlock	301	https://github.com/jmuncor/tokentap
joelhooks/pdf-brain	200	
johannesjo/parallel-code	200	
johannschopplich/toon	301	https://github.com/toon-format/toon
JohnRiceML/clawport-ui	200	
johnwarne/upvote-rss	200	
jonesphillip/weft	200	
jonwiggins/optio	200	
jonwiggins/xmloxide	200	
JordanCoin/codemap	200	
joshavant/clawbox	200	
joshndala/mnemo-agent	200	
journiv/journiv-app	200	
jpomykala/NotchPrompter	200	
JRMeyer/MoonshineFlow	200	
jsattler/BetterCapture	200	
jsubroto/flow	200	
julep-ai/julep	200	
JuliusBrussee/caveman	200	
junaid-mahmood/nlsh	200	
junevm/splathash	200	
junyuw2289-svg/voicepaste	301	https://github.com/CloveSVG/voicepaste
juyterman1000/entroly	200	
jvdillon/netv	200	
jxroot/ZeroPulse	200	
jyoung105/frouter	301	https://github.com/bytonylee/free-router
k1LoW/git-wt	200	
kai7win/AnimatedGlassTabs	200	
kamranahmedse/claude-run	301	https://github.com/nilbuild/claude-run
kamranahmedse/diffity	301	https://github.com/nilbuild/diffity
kamranahmedse/slim	301	https://github.com/nilbuild/slim
KangLiao929/Puffin	200	
kapishdima/fonttrio	200	
kapishdima/soundcn	200	
karakeep-app/karakeep	200	
karpathy/agenthub	404	
karpathy/autoresearch	200	
karpathy/hn-time-capsule	200	
karpathy/llm-council	200	
karpathy/nanochat	200	
karpathy/reader3	200	
karpathy/rustbpe	200	
KartikLabhshetwar/better-shot	200	
KartikLabhshetwar/foliox	200	
KartikLabhshetwar/oneurl	200	
KartikLabhshetwar/quotick	200	
kasperjunge/agent-resources-project	301	https://github.com/computerlovetech/agr
kasznar/geometric-constraint-solver	200	
Katakate/k7	200	
katspaugh/ichinichi	200	
kavehtehrani/cloudflare-speed-cli	200	
kayba-ai/agentic-context-engine	200	
kbroose/stash	200	
KeaBase/kea-research	200	
kebo-ai/kebo	200	
kellyclaudeai/openclaw-deck	200	
kenforthewin/atomic	200	
kenm47/jensenify-mcp	200	
kenryu42/claude-code-safety-net	200	
kepano/obsidian-skills	200	
Kevin-thu/StoryMem	200	
kevinho/clawfeed	200	
kewonit/aeris	200	
KeyID-AI/agent-kit	200	
khalildh/garment-notation	200	
kibitzsh/kibitz	200	
Kilo-Org/kilocode	200	
kitfunso/hippo-memory	200	
kiyo-e/pairlane	200	
Klavis-AI/klavis	200	
klawsh/klaw.sh	200	
knadh/oat	200	
knowsuchagency/mcp2cli	200	
komari-monitor/komari	200	
Kong/volcano-sdk	301	https://github.com/Kong/volcano-agent-sdk
kortix-ai/suna	200	
Kr1sJFU/iMontage	200	
krasun/howbrowserswork	200	
kreuzberg-dev/kreuzberg	200	
krillinai/KrillinAI	200	
kristelTech/Doomscrolling_Blocker	200	
kristelTech/make_me_a_meme	200	
kriuchkov/tock	200	
Kruszoneq/macUSB	200	
ksanjeev284/reddit-universal-scraper	200	
kstonekuan/tambourine-voice	200	
kubeden/clopus-watcher	301	https://github.com/a2wio/lucas
KurtGokhan/tegaki	200	
kylehowells/swift-justhtml	200	
Kyome22/AnimationLimitBreaker	200	
Kyonew/DVinyl	200	
kyutai-labs/hibiki-zero	200	
kyutai-labs/pocket-tts	200	
L1AD/claude-task-viewer	200	
lackeyjb/playwright-skill	200	
Lakr233/AssppWeb	200	
Lakshay1509/NeatMail	200	
lance0/ttl	200	
lance0/xfr	200	
langchain-ai/local-deep-researcher	200	
lardissone/ansi-saver	200	
larksuite/cli	200	
lastmile-ai/mcp-agent	200	
layercodedev/sled	200	
lcoutodemos/clui-cc	200	
leedrake5/unredact	200	
leereilly/gh-yule-log	200	
leerob/pixo	200	
lekt9/openclaw-foundry	404	
LemonHX/Xmas.JS	200	
lenxism/dither	200	
leo-lilinxiao/codex-autoresearch	200	
leonvanzyl/autocoder	301	https://github.com/AutoForgeAI/autoforge
Leonxlnx/taste-skill	200	
LeoYeAI/openclaw-auto-dream	200	
LeoYeAI/openclaw-backup	200	
LeoYeAI/openclaw-master-skills	200	
LeslieLeung/glean	200	
letieu/jira.nvim	200	
letmutex/gitas	200	
libpdf-js/core	200	
lifo-sh/lifo	200	
lightfeed/extractor	200	
lightly-ai/lightly-studio	200	
lightningpixel/modly	200	
Lightricks/LTX-2	200	
Lightricks/LTX-Desktop	200	
Lightricks/LTX-Video	200	
liliMozi/openhanako	200	
LimHyungTae/Awesome-PhD-CV	200	
LinklyAI/agent-im	200	
linkwarden/linkwarden	200	
linshenkx/prompt-optimizer	200	
lintsinghua/XCodeReviewer	301	https://github.com/lintsinghua/DeepAudit
liquidos-ai/Odyssey	200	
Lissy93/networking-toolbox	200	
Litlyx/litlyx	200	
liveblocks/liveblocks	200	
Livsy90/IntelligenceGlow	200	
liyiteng/AlohaMini	200	
lklynet/aurral	200	
lklynet/hypermind	200	
lllyasviel/FramePack	200	
LLmHub-dev/open-computer-use	301	https://github.com/coasty-ai/open-computer-use
llmsresearch/paperbanana	200	
LNH-team/dspico-hardware	200	
localgpt-app/localgpt	200	
lochie/web-haptics	200	
lofcz/Infidex	200	
LoganFlaherty/banish	200	
LogicLabs-OU/OpenArchiver	200	
LoopyDev/MiddleQuit	200	
LoredCast/filewizard	200	
Loretta1982/xenia	200	
louisho5/picobot	200	
louislam/its-mytabs	200	
louislva/claude-peers-mcp	200	
louisnelza/stayview	200	
lovromazgon/grafana-tui	200	
lqs/retrotick	200	
LTH14/JiT	200	
ltjed/freephdlabor	200	
lucas-maes/le-wm	200	
lucasgelfond/zerobrew	200	
Lucenor/mnesis	200	
LucidAkshay/kavach	200	
lukasmolnar/wb-mpc-locoman	200	
LukeGus/Termix	301	https://github.com/Termix-SSH/Termix
lukehinds/nono	301	https://github.com/always-further/nono
lukilabs/beautiful-mermaid	200	
lukilabs/beautiful-mermaid-swift	200	
lukilabs/craft-agents-oss	200	
Lulzx/tinypdf	200	
Lulzx/zpdf	200	
Lum1104/Understand-Anything	200	
luongnv89/claude-howto	200	
lupantech/AgentFlow	200	
lux-db/lux	200	
luxury-yacht/app	200	
lwj2015/lightron	200	
lyehe/porterminal	200	
lynaghk/vibe	200	
lyqht/mini-qr	200	
Lywald/Wireframed.js	200	
lzjever/routilux	200	
m0n0x41d/quint-code	301	https://github.com/m0n0x41d/haft
macaly/almostnode	200	
madalinpopa/gocost-web	200	
maelgangloff/domain-watchdog	200	
mafik/keyer	200	
magicmark/spacelist	200	
magnum6actual/flipoff	200	
Mail-0/Zero	200	
majcheradam/ocrbase	301	https://github.com/ocrbase-hq/ocrbase
malpern/VoxClaw	200	
Manavarya09/design-extract	200	
mandel-macaque/memento	200	
manuelschipper/nah	200	
manyfold3d/manyfold	200	
marckohlbrugge/sessy	200	
marcoaapfortes/Mantic.sh	200	
Marine-RL/MarineGym	200	
mariusdjen/vpskit	200	
markrai/whatsthat	200	
marswaveai/ColaMD	200	
martian-engineering/lossless-claw	200	
martinhoeller/NSWindowPlayground	200	
masorange/ClaudeUsageTracker	200	
Matars/gitfetch	200	
MatchaOnMuffins/orchestrator	200	
Mathews-Tom/no-magic	301	https://github.com/no-magic-ai/no-magic
MatiasDesuu/ThinkDashboard	200	
matomo-org/matomo	200	
matrixorigin/Memoria	200	
matt1398/claude-devtools	200	
matthartman/ghost-pepper	200	
mattpocock/dictionary-of-ai-coding	200	
mattpocock/skills	200	
mattprusak/autoresearch-genealogy	200	
mauriceboe/NOMAD	301	https://github.com/mauriceboe/TREK
mauriceboe/TREK	200	
maxdorninger/MediaManager	200	
MaxGfeller/open-harness	200	
maxgfr/csv-ai-analyzer	200	
MaxHastings/llm-madness	200	
MaximeRivest/mcp2py	200	
Maxteabag/sqlit	200	
mayanayza/netvisor	301	https://github.com/scanopy/scanopy
mayswind/ezbookkeeping	200	
MCG-NJU/SteadyDancer	200	
McGill-NLP/the-markovian-thinker	200	
mcp-use/mcp-use	200	
mdsaban/universal-app-opener	200	
MedChaouch/Puzld.ai	200	
MedUnes/go-kata	200	
medusalix/FreeMDU	200	
MeiGen-AI/InfiniteTalk	200	
MeisnerDan/mission-control	200	
meituan-longcat/LongCat-Image	200	
meituan-longcat/LongCat-Video	200	
meleantonio/ChernyCode	200	
melodee-project/melodee	200	
meltylabs/chorus	200	
mem9-ai/mem9	200	
MemMachine/MemMachine	200	
memohai/Memoh	200	
memovai/mimiclaw	200	
meodai/dittoTones	200	
meodai/heerich	200	
MervinPraison/PraisonAI	200	
meteroid-oss/meteroid	200	
mgechev/skills-best-practices	200	
Michael-A-Kuykendall/shimmy	200	
Michaelliv/markit	200	
Michaelliv/pi-generative-ui	200	
mickamy/sql-tap	200	
microsoft/magentic-ui	200	
microsoft/mcp-for-beginners	200	
microsoft/playwright-mcp	200	
microsoft/TRELLIS.2	200	
midday-ai/ai-sdk-tools	200	
MightyMoud/sidekick	200	
mike-dev-stuff/hashmylinks	200	
mikker/steve	200	
milanm/AutoGrad-Engine	200	
milla-jovovich/mempalace	301	https://github.com/MemPalace/mempalace
millionco/expect	200	
millionco/react-doctor	200	
Mina-Massoud/Mina-Rich-Editor	200	
mindfold-ai/Trellis	200	
mindverse/Second-Me	200	
MineDojo/NitroGen	200	
MiniMax-AI/MiniMax-M2	200	
MiniMax-AI/OpenRoom	200	
minimaxir/ballin	200	
minimaxir/miditui	200	
minitap-ai/mobile-use	200	
MINT-SJTU/RoboClaw	200	
missuo/koe	200	
mistralai/mistral-vibe	200	
mit-han-lab/fastrl	200	
mit-han-lab/streaming-vlm	200	
mitchellh/vouch	200	
mitjafelicijan/xdgctl	200	
mitkox/vllm-turboquant	200	
mitsuhiko/agent-commands	301	https://github.com/mitsuhiko/agent-stuff
mitsuhiko/gh-issue-sync	200	
mixedbread-ai/mgrep	200	
mizchi/actrun	200	
mjcrepeau/retirement-planner	200	
mksglu/claude-context-mode	301	https://github.com/mksglu/context-mode
mli55/pdfdelta	200	
mmarinovic/tailwindsql	200	
mmcdole/kino	200	
mnemosyne-artificial-intelligence/doppelganger	301	https://github.com/figranium/figranium
moayuisuda/two-moons	200	
moazbuilds/CodeMachine-CLI	200	
MODSetter/SurfSense	200	
moeru-ai/airi	200	
MoldyTaint/Cinephage	200	
moltis-org/moltis	200	
Momciloo/fun-with-clip-path	200	
momenbasel/PureMac	200	
MoonshotAI/Attention-Residuals	200	
MoonshotAI/kimi-cli	200	
MoonshotAI/Kimi-K2.5	200	
MooseGoose0701/skill-compose	301	https://github.com/dp-archive/archive
mosaico-labs/mosaico	200	
mostafa-wahied/portracker	200	
MotiaDev/motia	301	https://github.com/iii-hq/iii
MoussaabBadla/code-screenshot-mcp	200	
mprajyothreddy/brainkernel	200	
mr-fatalyst/oxyde	200	
mrconter1/rustc-php	200	
mrdoob/three-quake	200	
MrSibe/KnowNote	200	
MrTurvey/flareprox	200	
mshumer/sora-extend	200	
mshumer/unslop	200	
mubaraknumann/unifideck	200	
MuhammadHananAsghar/wormhole	200	
muratcankoylan/Agent-Skills-for-Context-Engineering	200	
muratcankoylan/ralph-wiggum-marketer	200	
muratcankoylan/The-Rosetta-Prompt	200	
mvanhorn/last30days-skill	200	
mvfc/backvault	200	
my-claude-utils/clsh	200	
myfear/open-pace	200	
n8n-io/self-hosted-ai-starter-kit	200	
nagisanzenin/temm1e	301	https://github.com/temm1e-labs/temm1e
Nahuel990/ministack	301	https://github.com/ministackorg/ministack
naklecha/simple-llm	200	
nanobrowser/nanobrowser	200	
naomisphere/macpaper	301	https://github.com/naomisphere/moonleaf
NateBJones-Projects/OB1	200	
nathan-barry/tiny-diffusion	200	
nathan-cannon/cellstate	200	
ndroo/freeciv.andrewmcgrath.info	200	
ndrscalia/asciify-them	200	
nearai/ironclaw	200	
Nearcyan/vibecraft	200	
needle-tools/md-browse	200	
neo4j-labs/create-context-graph	200	
neomjs/neo	200	
NeoVertex1/nuggets	200	
neozmmv/BlockGate	200	
Nerd-Lang/nerd-lang-core	200	
netease-youdao/LobsterAI	200	
neuphonic/neutts-air	301	https://github.com/neuphonic/neutts
nex-crm/wuphf	200	
nextlevelbuilder/ui-ux-pro-max-skill	200	
nexu-io/open-design	200	
Nezreka/SoulSync	200	
nguyenphutrong/quotio	200	
nicebucket-org/nicebucket	200	
nicepkg/ctxport	200	
nicklashansen/dreamer4	200	
nickustinov/itsypad-macos	200	
nickustinov/itsytv-macos	200	
nicobailon/pi-interview-tool	200	
nicobailon/visual-explainer	200	
nicotsx/zerobyte	200	
nidhinjs/prompt-master	200	
nikmcfly/MiroFish-Offline	200	
nikopueringer/CorridorKey	200	
nikunjsingh93/react-glass-keep	200	
nirabyte/todo	404	
NitroRCr/nyaai	200	
NoobyGains/claude-pulse	200	
nook24/lagident	200	
norish-recipes/norish	200	
NotAnyoneMe/ProxyChecker	200	
notch-ai/autosteer	200	
Notifuse/notifuse	200	
NotStark/portfolio	200	
Noumena-Network/nmoe	200	
NousResearch/autonovel	200	
NousResearch/hermes-agent	200	
nrslib/takt	200	
nshcr/DockAutoHide	200	
nullclaw/nullclaw	200	
numman-ali/cc-mirror	200	
numman-ali/n-skills	200	
Nuzair46/Monarch	200	
nv-tlabs/kimodo	200	
nv-tlabs/vipe	200	
nvelox/nvelox	200	
NVIDIA/NemoClaw	200	
NVIDIA/OpenShell	200	
NVIDIA/personaplex	200	
NVlabs/LongLive	200	
NVlabs/QeRL	200	
NVlabs/rcm	200	
nWave-ai/nWave	200	
nyldn/claude-octopus	200	
OasAIStudio/symphony-ts	200	
obra/superpowers	200	
obsessiondb/rudel	200	
octelium/octelium	200	
oguzbilgic/agent-kernel	200	
OlaProeis/Ferrite	200	
Olow304/memvid	301	https://github.com/memvid/memvid
olvvier/apple-silicon-accelerometer	200	
OminousIndustries/PhoneDriver	200	
onecli/onecli	200	
onikan27/claude-code-monitor	200	
op7418/CodePilot	200	
opactorai/Claudable	200	
Open-Dev-Society/OpenStock	200	
open-gitagent/gitagent	200	
open-jarvis/OpenJarvis	200	
open-pencil/open-pencil	200	
open-tinker/OpenTinker	200	
open-webui/open-terminal	200	
openai/codex-plugin-cc	200	
openai/symphony	200	
openclaw/clawhub	200	
opendatalab/MinerU	200	
opendatalab/MinerU-HTML	200	
OpenGVLab/ScaleCUA	200	
OpenHelix-Team/VLA-Adapter	200	
openinary/openinary	200	
OpenMOSS/MOVA	200	
Openpanel-dev/openpanel	200	
openphotos-ca/openphotos	200	
OpenPipe/ART	200	
openprose/prose	200	
openwalrus/walrus	301	https://github.com/crabtalk/crabtalk
openworkflowdev/openworkflow	200	
openziti/llm-gateway	200	
operacle/checkcle	200	
OpusDelta/opusdelta	200	
oraios/serena	200	
Orange-3DV-Team/MoCha	200	
orange2ai/claude-code-now	200	
originalankur/maptoposter	200	
OrlojHQ/orloj	200	
OskarGroth/MaterialView	200	
otaviocc/Triton	200	
OthmanAdi/planning-with-files	200	
OtsoBear/chrome2moz	200	
oug-t/difi	301	https://github.com/xguot/difi
oug-t/zsweep	301	https://github.com/xguot/zsweep
outline/outline	200	
outworked/outworked	200	
owengretzinger/constellagent	200	
OxidizeLabs/cachekit	200	
ozankasikci/agent-sessions	200	
pablodelucca/pixel-agents	200	
PaddlePaddle/PaddleOCR	200	
pagel-s/termcraft	200	
pangon/ai-sdlc-scaffold	200	
Pankajtanwarbanna/stfu	200	
PanSalut/Koffan	200	
paoloronco/Lynx	200	
paperclipai/paperclip	200	
papra-hq/papra	200	
paradigmxyz/evmbench	200	
parcadei/Continuous-Claude-v2	301	https://github.com/parcadei/Continuous-Claude-v3
parcadei/llm-tldr	200	
ParthJadhav/app-store-screenshots	200	
pasky/chrome-cdp-skill	200	
PatchMon/PatchMon	200	
patoles/agent-flow	200	
paullarionov/claude-certified-architect	200	
pbakaus/impeccable	200	
pbakaus/radiant	200	
PDFCraftTool/pdfcraft	200	
pedramamini/Maestro	301	https://github.com/RunMaestro/Maestro
PedramNavid/petit	200	
penso/arbor	200	
PeonPing/peon-ping	200	
petergpt/bullshit-benchmark	200	
peteromallet/dataclaw	200	
peteromallet/desloppify	200	
peters/horizon	200	
Pewejekubam/ContextEngine	200	
pguso/ai-agents-from-scratch	200	
philschmid/mcp-cli	200	
phlx0/drift	200	
phuc-nt/my-translator	200	
phuryn/pm-skills	200	
Pickle-Pixel/ApplyPilot	200	
pierceboggan/primer	301	https://github.com/microsoft/agentrc
pierridotite/stonks-dashboard	200	
Pimzino/spec-workflow-mcp	200	
pinchen147/PageFlow	200	
pinchtab/pinchtab	200	
PinchToDebug/EverythingQuickSearch	200	
pinkfuwa/llumen	200	
Pinperepette/MacPersistenceChecker	200	
piratuks/invoice-builder	200	
pixlcore/xyops	200	
pixperk/porthat	200	
planetscale/database-skills	200	
plausible/analytics	200	
PleasePrompto/notebooklm-skill	200	
PlummersSoftwareLLC/retropad	200	
plusai-solutions/ai-scrum-master-template	200	
pocket-id/pocket-id	200	
Pokee-AI/PokeeResearchOSS	200	
Polymarket/polymarket-cli	200	
ponzischeme89/FaveSwitch	404	
popovicu/ultimate-linux	200	
potpie-ai/potpie	200	
pPetrichor/WorldCanvas	200	
pranshuparmar/witr	200	
pretyflaco/meetscribe	200	
PrimeIntellect-ai/verifiers	200	
Pringled/pyversity	200	
Prismer-AI/Prismer	200	
Prismer-AI/PrismerCloud	200	
privatenumber/poof	200	
PRNDcompany/SwiftUIHTML	200	
productdevbook/hucre	200	
productdevbook/port-killer	200	
project-codeguard/rules	200	
prompt-security/clawsec	200	
psalias2006/gpu-hot	200	
psi-oss/get-physics-done	200	
psviderski/uncloud	200	
punkpeye/pipenet	200	
qaml-ai/pi-worker	200	
qoery-com/pmxt	301	https://github.com/pmxt-dev/pmxt
quailyquaily/aqua	200	
Quenary/tugtainer	200	
quoroom-ai/room	200	
QwenLM/Qwen-Image-Layered	200	
QwenLM/Qwen3-ASR	200	
QwenLM/Qwen3-Omni	200	
QwenLM/Qwen3-TTS	200	
QwenLM/Qwen3-VL-Embedding	200	
QwenLM/Qwen3Guard	200	
R44VC0RP/pgrok	200	
RackulaLives/Rackula	200	
rafaelSwi/MenuBarUSB	200	
raine/git-surgeon	200	
rainmanjam/social-flood	200	
ralliesai/tenk	200	
rangersui/Elastik	200	
RanvirRox/EkaKey-autocorrect-globally	200	
raphaelmansuy/edgequake	200	
RasKrebs/sonar	200	
rastaweb/domoscope	200	
ratava/lumina-energy-card	301	https://github.com/Giorgio866/lumina-energy-card
rayasabari/joko-ui	200	
rbadillap/pastecn	200	
rberg27/doom-coding	200	
rcarmo/PhotosExport	200	
rcourtman/Pulse	200	
rdumasia303/deepseek_ocr_app	200	
realkimbarrett/advertising-skills	200	
rebane2001/x86CSS	200	
rebelice/lazypg	301	https://github.com/pgplex/pgtui
redreamality/Paper-Comicizer	200	
refactoringhq/tolaria	200	
refrefhq/refref	301	https://github.com/amicalhq/refref
ReidoBoss/tttui	200	
reinauer/xsysinfo	200	
reinesana/MeowCV	200	
Relaxed-System-Lab/Flash-Sparse-Attention	200	
remorses/critique	200	
remorses/playwriter	200	
remorses/usecomputer	200	
renatoworks/3dsvg	200	
ResearAI/AutoFigure-Edit	200	
revfactory/harness	200	
RevylAI/greenlight	200	
Rich-Harris/toofer	200	
RichardHruby/login-machine	200	
richhickson/claudecodeusage	200	
ridafkih/keeper.sh	200	
RightNow-AI/autokernel	200	
RightNow-AI/openfang	200	
rmfatemi/nutalert	200	
Roasbeef/obsidian-claude-code	200	
Robbyant/lingbot-depth	200	
Robbyant/lingbot-vla	200	
Robbyant/lingbot-world	200	
roberthein/Kinetics	200	
robinebers/openusage	200	
robzolkos/shout	200	
rochus-keller/OberonSystem3Native	200	
rodolfboctor/mcp-scan	404	
RohanAdwankar/cgpu	200	
rohanprasadofficial/cloudflare-analytics-explorer	200	
rohanprasadofficial/localflare	200	
rohitg00/ai-engineering-from-scratch	200	
rohitg00/pro-workflow	200	
Rohithgilla12/data-peek	200	
rohoswagger/ez-stack	200	
rohunvora/just-fucking-cancel	200	
rohunvora/x-research-skill	200	
rokpiy/auto-commenter	200	
rommapp/romm	200	
ronitsingh10/FineTune	200	
ronreiter/crack	200	
RookieEnough/Orion-Store	200	
rookiestar28/ComfyUI-OpenClaw	200	
roshie548/proxmux	200	
RoversX/LaunchNext	200	
rtennety/Voxel4D	200	
rtk-ai/rtk	200	
rtrvr-ai/rover	200	
rudrankriyam/App-Store-Connect-CLI	301	https://github.com/rorkai/App-Store-Connect-CLI
rudyaa-sd/ScreenDiffusion	200	
rufftruffles/spameater	200	
RuiningLi/particulate	200	
RuizeLyu/paper-dl	200	
runesleo/x-reader	200	
Runnin4ik/dpi-detector	200	
runtipi/runtipi	200	
Russell-cell/PPT-Design-Prompt	200	
russellromney/honker	200	
russellromney/turbolite	200	
RustedBytes/rsloop	200	
ruvnet/claude-flow	301	https://github.com/ruvnet/ruflo
ruzhila/devstrip	200	
ryanntannn/zustand-sync	200	
ryanstephen/lil-agents	200	
rybbit-io/rybbit	200	
ryo-manba/data-anim	200	
ryoppippi/ccusage	200	
rzru/nightingale	200	
sa4hnd/vibra-code	200	
sachaa/openbrowserclaw	301	https://github.com/wexare-ai/openbrowserclaw
sadreck/ThermalMarky	200	
safebucket/safebucket	200	
safishamsi/graphify	200	
sahaj-b/brainrot.nvim	200	
saifyxpro/HeadlessX	200	
saihgupr/HomeAssistantTimeMachine	200	
saint-angels/CYCLE	200	
SaladDay/cc-switch-cli	200	
sam1am/backlogia	200	
samber/cc-skills-golang	200	
sambuild04/reading-ai-agent	301	https://github.com/sambuild04/screen-voice-agent
sammwyy/NRelay	200	
sammyuri/craftgpt	200	
SamNet-dev/conduit-manager	200	
SamNet-dev/paqctl	200	
SamR1/FitTrackee	200	
SamsungSAILMontreal/TinyRecursiveModels	200	
samuel-vitorino/sopro	200	
samuelfaj/distill	200	
SamurAIGPT/Open-Weavy	301	https://github.com/SamurAIGPT/Vibe-Workflow
samvallad33/vestige	200	
samwho/llmwalk	200	
sangrokjung/claude-forge	200	
santifer/career-ops	200	
Santofer/Obsync	301	https://github.com/Santofer/Remindian
sassanix/Warracker	200	
SawyerHood/dev-browser	200	
SawyerHood/gitclaw	200	
schellingb/dosbox-pure-unleashed	200	
schoblaska/jargon	301	https://github.com/jargon-io/jargon
scipenai/tylax	200	
sdogruyol/cryload	200	
secluso/secluso	301	https://github.com/secluso/core
SecOps-7/MikroDash	200	
SecurityCrux/secrux	404	
Sentinel-Gate/Sentinelgate	200	
sentrux/sentrux	200	
senyo888/Humidity-Intelligence	200	
serhez/bento.nvim	200	
serialdotai/car-counter	200	
sethcottle/littlelink	200	
SethGammon/Citadel	200	
setls/HacxGPT	404	
SeventeenLabs/relay	200	
sgasser/pasteguard	200	
shaankhosla/repeat	301	https://github.com/shaankhosla/repeater
shaankhosla/repeater	200	
shadcnblocks/mainline-nextjs-template	200	
shanselman/cert-inspector	200	
shanselman/MaximizeToVirtualDesktop	200	
shanselman/toasty	200	
shanselman/winget-tui	200	
sharbelxyz/x-bookmarks	200	
shareAI-lab/learn-claude-code	200	
Sharp-ML/SHARP-ML	200	
ShawnPana/aurl	200	
sheeki03/tirith	200	
shenmintao/Raw-Alchemy	200	
shiehn/sas-audio-processor	200	
ShinMegamiBoson/OpenPlanter	200	
shivampkumar/trellis-mac	200	
shiyu-coder/Kronos	200	
shobhit99/claude-watch	200	
showlab/Code2Video	200	
showlab/Paper2Video	200	
showlab/ShowUI-Aloha	200	
Shpigford/chops	200	
Shpigford/clearly	200	
shuaiplus/NodeWarden	200	
ShubhamPP04/Izzy	429	
shuding/better-all	200	
shuding/image-magnifier	200	
shuxueshuxue/SpexFlow	429	
sickn33/antigravity-awesome-skills	429	
sidinsearch/superbrain	429	
SIGNIAINDEX/SIGNIA	429	
sigridjineth/agentjson	429	
siinghd/yourinfo	429	
silvermpx/mamba-rs	429	
silverstein/minutes	429	
simeji/jid	429	
simonw/claude-code-transcripts	429	
simonw/justjshtml	429	
simonw/rodney	429	
SimplePhotoGallery/core	429	
simstudioai/sim	429	
simular-ai/Agent-S	429	
sindresorhus/chunk-data	429	
sinisterMage/JulIde	429	
SinTan1729/chhoto-url	429	
sipeed/picoclaw	429	
sk-ruban/contour	429	
sk-ruban/notchi	429	
skalesapp/skales	429	
skyhook-io/radar	429	
slavingia/skills	429	
slopus/happy	429	
smart-mcp-proxy/mcpproxy-go	429	
Smaug6739/Alexandrie	429	
smittix/intercept	429	
smol-machines/smolvm	429	
Snapchat/Valdi	429	
snarktank/antfarm	429	
snarktank/compound-product	429	
snarktank/ralph	429	
snoglobe/helios	429	
solidtime-io/solidtime	429	
SOORAJTS2001/gazetteer	429	
sorkila/lockpaw	429	
soufianekhiat/ImAnim	429	
sozercan/kaset	429	
spacedriveapp/spacebot	429	
spacefarers/Dropp	429	
SparkAudio/Spark-TTS	429	
sphireinc/Foundry	429	
spinualexandru/hyprsnow	429	
spool-lab/spool	429	
sql-hkr/tiny8	429	
srizzon/git-city	429	
SrPakura/AERKO_PWA	429	
sseanliu/VisionClaw	429	
ssrajadh/sentrysearch	429	
sst/opencode	429	
stablyai/orca	429	
Stallion77RepoOfficial/MetalGoose	429	
SteamedBread2333/MarkX	429	
stefanpejcic/EmailFilter	429	
steipete/clawdis	429	
steipete/discrawl	429	
steipete/gogcli	429	
steipete/imsg	429	
steipete/summarize	429	
steipete/warelay	429	
stepfun-ai/Step-3.5-Flash	429	
stephengpope/thepopebot	429	
SterlingChin/marvin-template	429	
steveiliop56/tinyauth	429	
steveyegge/beads	429	
steveyegge/gastown	429	
stonerl/Thaw	429	
stong/gradscii-art	429	
stoolap/stoolap	429	
strandnerd/tunn	429	
strands-agents/agent-sop	429	
strongdm/attractor	429	
stukennedy/irgo	429	
subsy/ralph-tui	429	
suitenumerique/drive	429	
sukov/PagedMediaViewer	429	
SumeLabs/clawra	429	
sunsetsacoustic/StemLab	429	
SuperClaude-Org/SuperClaude_Framework	429	
SuperCmdLabs/SuperCmd	429	
superhq-ai/shuru	429	
superstarryeyes/hys	429	
supertone-inc/supertonic	429	
supunlakmal/hash-calendar	429	
surajverma/homehub	429	
surge-downloader/surge	429	
Suvink/cut-it-out	429	
Swetrix/swetrix	429	
swingmx/swingmusic	429	
SylvianAI/sv-excel-agent	429	
symbolica-ai/arcgentica	429	
symbolicsoft/folder.zone	429	
Sync-in/server	429	
sysadminsmedia/homebox	429	
syxanash/maxheadbox	429	
szymdzum/browser-debugger-cli	429	
T3-Content/claude-blocker	429	
taco-group/SparkVSR	429	
tadata-org/fastapi_mcp	429	
taf2/mdvi	429	
taigrr/spank	429	
tanin47/backdoor	429	
tanishqkumar/ssd	429	
tartavull/agent-password	429	
Taskosaur/Taskosaur	429	
tasselx/Keyden	429	
TauricResearch/TradingAgents	429	
tddworks/ClaudeBar	429	
techfort/cronpulse-community	429	
technomancer702/nodecast-tv	429	
tekaratzas/RustGPT	429	
tencent-ailab/SongPrep	429	
Tencent-Hunyuan/HunyuanImage-3.0	429	
Tencent-Hunyuan/HunyuanOCR	429	
Tencent-Hunyuan/HunyuanWorld-Voyager	429	
Tencent-Hunyuan/HY-Motion-1.0	429	
Tencent-Hunyuan/HY-MT	429	
Tencent-Hunyuan/HY-WorldPlay	429	
Tencent/hpc-ops	429	
TencentCloudADP/youtu-agent	429	
TencentCloudADP/youtu-rag	429	
tercumantanumut/seline	429	
terry90/soulbeet	429	
tess1o/geopulse	429	
tg12/dns-honeypot	429	
Th0rgal/open-ralph-wiggum	429	
the-momentum/open-wearables	429	
The-Pocket/PocketFlow	429	
The-Pocket/PocketFlow-Tutorial-Codebase-Knowledge	429	
The-Vibe-Company/claude-code-controller	429	
The-Vibe-Company/companion	429	
TheAgentContextLab/OneContext	429	
theamusing/perfectPixel	429	
TheCSir/TerminalStart	429	
thedotmack/claude-mem	429	
thellimist/clihub	429	
TheNoeTrevino/haunt.nvim	429	
theonlyhennygod/zeroclaw	429	
thesophiaxu/contextd	429	
TheTom/turboquant_plus	429	
thomas-mauran/chess-tui	429	
thomaskolmans/rsvp-reading	429	
thomscoder/z1	429	
THU-MAIC/OpenMAIC	429	
thu-ml/Causal-Forcing	429	
thu-ml/TurboDiffusion	429	
Ti-03/remainders	429	
tianchangNorth/pocket-mocker	429	
tiann/hapi	429	
tiehfood/xpferd	429	
Tiendil/feeds.fun	429	
timelinize/timelinize	429	
timothepoznanski/poznote	429	
TinyAGI/fractals	429	
TinyAGI/tinyclaw	429	
tirth8205/code-review-graph	429	
tjnull/Ludus-FastMCP	429	
tkattkat/open-claude	429	
tkenaz/breathe-memory	429	
tldev/posturr	429	
TM9657/flow-like	429	
TN666/batear	429	
tnm/zclaw	429	
tobi/AudioPriorityBar	429	
tobi/qmd	429	
tobi/try-cli	429	
tomascupr/sandstorm	429	
TomBadash/Mouser	429	
tombcato/smart-ticker	429	
tomehq/tome	429	
Tongyi-MAI/MAI-UI	429	
Tongyi-MAI/Z-Image	429	
tonisives/ovim	429	
tonl-dev/tonl	429	
tonyantony300/alt-sendme	429	
tonyyont/peon-ping	429	
toolwind/corner-shape	429	
toorandom/malhaus	429	
torvalds/HunspellColorize	429	
TPGLLC-US/create-real-simple-roadmap	429	
TraderAlice/OpenAlice	429	
trentferguson/homescreen-hero	429	
trevin-creator/autoresearch-mlx	429	
TrevorS/voxtral-mini-realtime-rs	429	
tripleyak/SkillForge	429	
True3DLabs/WindowMode	429	
truongduy2611/app-store-preflight-skills	429	
trycua/cua	429	
trycua/launchpad	429	
tsirysndr/rockbox-zig	429	
tt-rss/tt-rss	429	
TuriSc/Diapasonix	429	
Tutanka01/makhalReader	429	
tw93/claude-health	429	
tw93/Kaku	429	
tw93/Kami	429	
tw93/waza	429	
twostraws/SwiftUI-Agent-Skill	429	
TyCoding/langchat-slides	429	
uditgoenka/autoresearch	429	
ufira-ai/Vibma	429	
umami-software/umami	429	
unhappychoice/gitlogue	429	
unhaya/vam-seek	429	
unitedbyai/droidclaw	429	
unitreerobotics/unifolm-world-model-action	429	
Universal-Commerce-Protocol/ucp	429	
unkn0wn-root/resterm	429	
unslop-xyz/noodles	429	
UsamaQaisrani/filenotes.nvim	429	
vaayne/mori	429	
validatedev/BrewServicesManager	429	
value1338/selfhost-roi-calculator	429	
vanalmsick/workout_challenge	429	
vansh-nagar/ascii-studio	429	
Vanyoo/realtime-subtitle	429	
Varietyz/Disciplined-AI-Software-Development	429	
varmabudharaju/pgsemantic	429	
vasilytrofimchuk/domainsearcher-app	429	
vava-nessa/free-coding-models	429	
Veirt/weathr	429	
vercel-labs/add-skill	429	
vercel-labs/agent-browser	429	
vercel-labs/coding-agent-template	429	
vercel-labs/emulate	429	
vercel-labs/json-render	429	
vercel-labs/openreview	429	
vercel-labs/opensrc	429	
vercel-labs/portless	429	
vercel-labs/ralph-loop-agent	429	
vercel-labs/skills	429	
vercel-labs/visual-json	429	
vercel-labs/webreel	429	
vercel-labs/wterm	429	
vercel/workflow	429	
vericontext/querypad	429	
VERT-sh/VERT	429	
vibeforge1111/keep-codex-fast	429	
VibiumDev/vibium	429	
ViciousSquid/Fio	429	
victorantos/NC	429	
VideoZero/skills	429	
vignesh07/babyshark	429	
vikasprogrammer/walkie	429	
vinimlo/galaxy-profile	429	
violit-dev/violit	429	
viperrcrypto/Siftly	429	
virattt/ai-hedge-fund	429	
virattt/dexter	429	
vishkx/gitstory	429	
visualizevalue/jackbutcher.md	429	
visualmimic/VisualMimic	429	
vita-epfl/Stable-Video-Infinity	429	
vitodeploy/vito	429	
Vitosicz/Heorot	429	
vivienhenz24/fuzzy-canary	429	
vkehfdl1/slides-grab	429	
vkhanhqui/figma-mcp-go	429	
voidauth/voidauth	429	
volcengine/OpenViking	429	
Volmarg/personal-management-system	429	
VoltAgent/awesome-design-md	429	
VoltAgent/awesome-openclaw-skills	429	
voron69-bit/Stepifi	429	
VrianCao/Uptimer	429	
vudovn/antigravity-kit	429	
VulcanWM/saasheaven	429	
walter-grace/mac-code	429	
wangshy31/OneRec-Think	429	
wangziqi06/724-office	429	
wanshuiyin/Auto-claude-code-research-in-sleep	429	
waynesutton/markdown-site	429	
webadderall/Recordly	429	
WeChatCV/Wan-Alpha	429	
WecoAI/awesome-autoresearch	429	
wedow/ticket	429	
wesbos/JSON-Alexander	429	
wesm/agentsview	429	
wesm/msgvault	429	
whoisyurii/checkmygit	429	
wiedymi/restty	429	
williamofai/c-from-scratch	429	
willmeyers/window-art	429	
win4r/ClawTeam-OpenClaw	429	
winfunc/opcode	429	
wizarrrr/wizarr	429	
wizenheimer/blaze	429	
wlswo/xray	429	
workany-ai/workany	429	
World-Open-Graph/br-acc	429	
wshobson/agents	429	
WtxwNs/RepoCheck	429	
wzzheng/DVGT	429	
X-Square-Robot/wall-x	429	
x011/smtp-tunnel-proxy	429	
xai-org/x-algorithm	429	
xarbit/plasma6-applet-appgrid	429	
xaskasdf/ps2-llm	429	
xbpeng/MimicKit	429	
xiaolai/insidebar-ai	429	
xicilion/markdown-viewer-extension	429	
xiongsiheng/DeepVerify	429	
xjtulyc/MedgeClaw	429	
xodn348/han	429	
xpipe-io/xpipe	429	
XposeMarket/SmallClaw	429	
xprivo/ai-chat	429	
xuankuzcr/Global-LVBA	429	
xullexer/PYDNS-Scanner	429	
yashwanthkkn/spector	429	
yazaldefilimone/ffmpreg	429	
yazinsai/OpenOats	429	
ygwyg/MAHORAGA	429	
ygwyg/merchant	429	
ygwyg/system	429	
yifanzhang-pro/deep-delta-learning	429	
yihao-meng/HoloCine	429	
yikart/AiToEarn	429	
ykdojo/claude-code-tips	429	
yoanbernabeu/grepai	429	
yoanbernabeu/openbento	429	
yoavf/absolutelyright	429	
yohey-w/multi-agent-shogun	429	
yologdev/yoyo-evolve	429	
yoloshii/ClawMem	429	
Yooooomi/your_spotify	429	
yorkeccak/history	429	
YouMind-OpenLab/awesome-nano-banana-pro-prompts	429	
yousifamanuel/terraink	429	
ysharma3501/LinaCodec	429	
ysharma3501/LuxTTS	429	
ysharma3501/NovaSR	429	
YuhangChen1/Paper2All	429	
YuminosukeSato/bsts-causalimpact	429	
Yuri-NagaSaki/CattoPic	429	
yuri-xyz/chroma	429	
yusing/godoxy	429	
YusufCeng1z/svelte-bash	429	
yusufkaraaslan/Skill_Seekers	429	
YUZU-Hub/appscreen	429	
yvgude/lean-ctx	429	
z-lab/dflash	429	
z-libs/Zen-C	429	
ZA1815/caniscrape	429	
zachlatta/freeflow	429	
zai-org/GLM-OCR	429	
zai-org/SCAIL	429	
Zaneham/BarraCUDA	429	
zanwei/design-dna	429	
ZapYap-com/note67	429	
zarazhangrui/codebase-to-course	429	
zarazhangrui/follow-builders	429	
zarazhangrui/frontend-slides	429	
zdenham/anvil	429	
ZeframLou/call-me	429	
Zen7-Labs/Zen7-Payment-Agent	429	
Zephyr3311/Tauri-Deduper	429	
zerobootdev/zeroboot	429	
zeroclaw-labs/zeroclaw	429	
zevorn/rt-claw	429	
Zfinix/another	429	
zggf-zggf/openviktor	429	
zhfahim/anchor	429	
zhixianio/clawpal	429	
zilliztech/memsearch	429	
ZJUI-AI4H/Hulu-Med	429	
zmrlft/GreenWall	429	
zolotukhin/zinc	429	
ZonD80/familycall	429	
zscole/gru	429	
zuckermanai/zuckerman	429	
